フロア,スポット名,説明,住所,営業時間,定休日,Webサイト,カテゴリー,__csvVersion,__schemaVersion,__spotId,__rowVersion,__floorId
1F,展示 01,展示案内 1,,,,,展示|休憩,3,CqjJ_bYVc4VV-mc7GbiZn0J16IYrh0vctMD6-4dJ1yc,,,
2F,展示 02,展示案内 2,,,,,展示,3,CqjJ_bYVc4VV-mc7GbiZn0J16IYrh0vctMD6-4dJ1yc,,,
3F,展示 03,展示案内 3,,,,,展示,3,CqjJ_bYVc4VV-mc7GbiZn0J16IYrh0vctMD6-4dJ1yc,,,
4F,展示 04,展示案内 4,,,,,展示,3,CqjJ_bYVc4VV-mc7GbiZn0J16IYrh0vctMD6-4dJ1yc,,,
5F,展示 05,展示案内 5,,,,,展示,3,CqjJ_bYVc4VV-mc7GbiZn0J16IYrh0vctMD6-4dJ1yc,,,
1F,展示 06,展示案内 6,,,,,展示,3,CqjJ_bYVc4VV-mc7GbiZn0J16IYrh0vctMD6-4dJ1yc,,,
2F,展示 07,展示案内 7,,,,,展示,3,CqjJ_bYVc4VV-mc7GbiZn0J16IYrh0vctMD6-4dJ1yc,,,
3F,展示 08,展示案内 8,,,,,展示,3,CqjJ_bYVc4VV-mc7GbiZn0J16IYrh0vctMD6-4dJ1yc,,,
4F,展示 09,展示案内 9,,,,,展示,3,CqjJ_bYVc4VV-mc7GbiZn0J16IYrh0vctMD6-4dJ1yc,,,
5F,展示 10,展示案内 10,,,,,展示,3,CqjJ_bYVc4VV-mc7GbiZn0J16IYrh0vctMD6-4dJ1yc,,,
1F,展示 11,展示案内 11,,,,,展示,3,CqjJ_bYVc4VV-mc7GbiZn0J16IYrh0vctMD6-4dJ1yc,,,
2F,展示 12,展示案内 12,,,,,展示,3,CqjJ_bYVc4VV-mc7GbiZn0J16IYrh0vctMD6-4dJ1yc,,,
3F,展示 13,展示案内 13,,,,,展示,3,CqjJ_bYVc4VV-mc7GbiZn0J16IYrh0vctMD6-4dJ1yc,,,
4F,展示 14,展示案内 14,,,,,展示,3,CqjJ_bYVc4VV-mc7GbiZn0J16IYrh0vctMD6-4dJ1yc,,,
5F,展示 15,展示案内 15,,,,,展示,3,CqjJ_bYVc4VV-mc7GbiZn0J16IYrh0vctMD6-4dJ1yc,,,
1F,展示 16,展示案内 16,,,,,展示,3,CqjJ_bYVc4VV-mc7GbiZn0J16IYrh0vctMD6-4dJ1yc,,,
2F,展示 17,展示案内 17,,,,,展示,3,CqjJ_bYVc4VV-mc7GbiZn0J16IYrh0vctMD6-4dJ1yc,,,
3F,展示 18,展示案内 18,,,,,展示,3,CqjJ_bYVc4VV-mc7GbiZn0J16IYrh0vctMD6-4dJ1yc,,,
4F,展示 19,展示案内 19,,,,,展示,3,CqjJ_bYVc4VV-mc7GbiZn0J16IYrh0vctMD6-4dJ1yc,,,
5F,展示 20,展示案内 20,,,,,展示,3,CqjJ_bYVc4VV-mc7GbiZn0J16IYrh0vctMD6-4dJ1yc,,,
1F,展示 21,展示案内 21,,,,,展示,3,CqjJ_bYVc4VV-mc7GbiZn0J16IYrh0vctMD6-4dJ1yc,,,
2F,展示 22,展示案内 22,,,,,展示,3,CqjJ_bYVc4VV-mc7GbiZn0J16IYrh0vctMD6-4dJ1yc,,,
3F,展示 23,展示案内 23,,,,,展示,3,CqjJ_bYVc4VV-mc7GbiZn0J16IYrh0vctMD6-4dJ1yc,,,
4F,展示 24,展示案内 24,,,,,展示,3,CqjJ_bYVc4VV-mc7GbiZn0J16IYrh0vctMD6-4dJ1yc,,,
5F,展示 25,展示案内 25,,,,,展示,3,CqjJ_bYVc4VV-mc7GbiZn0J16IYrh0vctMD6-4dJ1yc,,,
1F,展示 26,展示案内 26,,,,,展示,3,CqjJ_bYVc4VV-mc7GbiZn0J16IYrh0vctMD6-4dJ1yc,,,
2F,展示 27,展示案内 27,,,,,展示,3,CqjJ_bYVc4VV-mc7GbiZn0J16IYrh0vctMD6-4dJ1yc,,,
3F,展示 28,展示案内 28,,,,,展示,3,CqjJ_bYVc4VV-mc7GbiZn0J16IYrh0vctMD6-4dJ1yc,,,
4F,展示 29,展示案内 29,,,,,展示,3,CqjJ_bYVc4VV-mc7GbiZn0J16IYrh0vctMD6-4dJ1yc,,,
5F,展示 30,展示案内 30,,,,,展示,3,CqjJ_bYVc4VV-mc7GbiZn0J16IYrh0vctMD6-4dJ1yc,,,
1F,展示 31,展示案内 31,,,,,展示,3,CqjJ_bYVc4VV-mc7GbiZn0J16IYrh0vctMD6-4dJ1yc,,,
2F,展示 32,展示案内 32,,,,,展示,3,CqjJ_bYVc4VV-mc7GbiZn0J16IYrh0vctMD6-4dJ1yc,,,
3F,展示 33,展示案内 33,,,,,展示,3,CqjJ_bYVc4VV-mc7GbiZn0J16IYrh0vctMD6-4dJ1yc,,,
4F,展示 34,展示案内 34,,,,,展示,3,CqjJ_bYVc4VV-mc7GbiZn0J16IYrh0vctMD6-4dJ1yc,,,
5F,展示 35,展示案内 35,,,,,展示,3,CqjJ_bYVc4VV-mc7GbiZn0J16IYrh0vctMD6-4dJ1yc,,,
1F,展示 36,展示案内 36,,,,,展示,3,CqjJ_bYVc4VV-mc7GbiZn0J16IYrh0vctMD6-4dJ1yc,,,
2F,展示 37,展示案内 37,,,,,展示,3,CqjJ_bYVc4VV-mc7GbiZn0J16IYrh0vctMD6-4dJ1yc,,,
